1583480676006,0.54,-42.42,13.91,0.018000000000000002,-1.4140000000000001,0.46366666666666667
1583480676064,9.57,-14.04,-4.27,0.355,-3.2960000000000003,-1.0926666666666667
1583480676124,-37.24,-24.72,-0.67,-0.5673333333333334,-4.588,-1.583
1583480676185,-38.1,-29.3,8.24,-3.078666666666667,-6.3886666666666665,-2.1323333333333334
1583480676244,-35.23,10.19,11.23,-5.523,-7.025666666666666,-2.7346666666666666
1583480676306,-2.45,18.8,11.9,-6.779,-6.059333333333333,-1.9983333333333333
1583480676364,-1.96,2.01,20.02,-6.926,-5.365666666666666,-0.7043333333333333
1583480676425,10.18,36.31,19.53,-6.652,-4.088333333333333,0.013666666666666716
1583480676485,25.5,35.34,13.73,-5.462666666666667,-1.6999999999999993,1.6816666666666669
1583480676544,4.99,14.52,6.96,-4.4463333333333335,-0.03799999999999937,3.091666666666667
1583480676665,-6.97,26.49,6.47,-4.512333333333333,1.3290000000000006,3.791333333333333
1583480676725,4.99,13.55,8.54,-4.578333333333333,2.6636666666666673,4.959
1583480676784,-8.8,-1.1,13.55,-4.705333333333333,3.0786666666666673,5.862333333333333
1583480676844,-11.79,4.82,17.88,-5.391666666666667,3.2026666666666674,6.421666666666666
1583480676905,-3,2.44,15.99,-5.884666666666667,3.4446666666666674,7.115333333333333
1583480676964,0.29,2.75,18.74,-5.9750000000000005,3.6176666666666675,7.8213333333333335
1583480677025,18.18,16.3,23.13,-5.359333333333334,4.252666666666667,8.684
1583480677145,13.9,30.88,18.31,-4.290000000000001,5.825333333333334,9.837666666666665
1583480677146,-30.28,40.34,16.36,-4.836000000000001,8.199333333333334,11.412333333333333
1583480677207,-30.71,37.96,59.63,-6.8690000000000015,10.809333333333335,14.744666666666665
1583480677326,-27.35,63.05,95.58,-8.804333333333336,14.176333333333334,19.195999999999998
1583480677386,10.43,68.85,13,-9.368333333333336,18.573,21.730999999999998
1583480677445,-23.39,-32.72,47.67,-9.800333333333336,19.777333333333335,25.615
1583480677509,-57.63,-111.09,105.96,-12.501000000000003,14.983666666666668,28.05633333333333
1583480677564,4.99,-31.8,55.54,-14.25566666666667,10.220666666666666,26.204666666666665
1583480677624,30.32,40.71,25.88,-13.07866666666667,10.517666666666667,26.00733333333333
1583480677685,20.92,8.18,15.14,-11.37066666666667,12.147333333333334,27.869
1583480677746,-1.05,-45.11,33.02,-10.708333333333337,10.916333333333334,29.242333333333335
1583480677809,-1.96,6.04,32.59,-10.80866666666667,9.614,28.825000000000003
1583480677865,-67.7,40.04,54.08,-13.13066666666667,11.15,30.829000000000004
1583480677927,0.84,-1.22,8.36,-15.359333333333337,12.444,32.44233333333334
1583480678047,10.18,-3.97,12.82,-14.992000000000004,12.271,32.829
1583480678108,2.92,-21,10.07,-14.555333333333337,11.438666666666668,33.032333333333334
1583480678165,3.47,10.56,-18.98,-14.342333333333338,11.090666666666667,31.699666666666666
1583480678226,5.48,29.72,-23.01,-14.044000000000004,12.433333333333334,31.284666666666666
1583480678290,-4.16,4.7,-5.56,-14.000000000000004,13.580666666666668,32.089999999999996
1583480678346,-4.04,-4.46,3.11,-14.273333333333337,13.588666666666668,32.35033333333333
1583480678408,-9.96,-8.61,3.42,-14.740000000000004,13.153000000000002,32.315666666666665
1583480678465,0.78,-0.25,-9.4,-15.046000000000003,12.857666666666669,31.715333333333334
1583480678526,0.6,-7.02,-86.06,-15.000000000000004,12.615333333333336,28.838333333333335
1583480678584,15.86,2.5,-130.62,-14.451333333333338,12.46466666666667,24.250333333333334
1583480678764,22.82,18.8,-71.47,-13.162000000000004,13.17466666666667,21.951333333333334
1583480678764,-20.21,-6.17,-4.76,-13.075000000000005,13.59566666666667,22.419333333333334
1583480678824,-51.28,-17.46,21.67,-15.458000000000006,12.808000000000003,22.936
1583480678890,-52.01,18.25,8.18,-18.901000000000003,12.834333333333337,22.626666666666665
1583480678945,9.69,5.8,0.91,-20.31166666666667,13.636000000000003,23.26533333333333
1583480679008,25.26,-22.89,16.3,-19.146666666666672,13.066333333333336,24.002
1583480679064,35.21,-35.22,27.1,-17.131000000000004,11.129333333333337,24.142333333333333
1583480679127,5.91,-26.31,27.53,-15.760333333333337,9.078333333333337,23.886
1583480679190,-11.36,-16.42,11.11,-15.942000000000004,7.6540000000000035,23.37933333333333
1583480679246,-2.64,-13.73,3.78,-16.40866666666667,6.649000000000004,22.958
1583480679366,-4.65,0.61,-5.37,-16.651666666666667,6.2116666666666704,22.32133333333333
1583480679427,0.29,0.73,-1.41,-16.797,6.2563333333333375,22.294666666666664
1583480679490,-5.02,-4.82,-1.65,-16.954666666666668,6.1200000000000045,22.264
1583480679545,-5.81,1.71,-2.08,-17.31566666666667,6.016333333333338,22.034
1583480679607,-0.07,-2.38,1.65,-17.51166666666667,5.994000000000005,22.145999999999997
1583480679664,6.89,-10.74,4.09,-17.284333333333336,5.556666666666672,22.202999999999996
1583480679724,10.36,-11.23,-2.08,-16.709333333333337,4.824333333333339,21.775666666666663
1583480679788,2.31,-1.65,-9.03,-16.287000000000003,4.395000000000006,21.100333333333328
1583480679845,-0.07,-2.81,-6.47,-16.212333333333337,4.2463333333333395,20.82966666666666
1583480679905,-3.06,-5.86,2.87,-16.31666666666667,3.9573333333333394,20.83166666666666
1583480679964,-0.13,-1.59,0.06,-16.423000000000002,3.709000000000006,20.63833333333333
1583480680089,6.34,3.29,-6.84,-16.216,3.7656666666666725,20.35733333333333
1583480680144,3.59,3.29,-18.92,-15.885000000000002,3.9850000000000056,19.83633333333333
1583480680204,-13.56,-27.1,-27.65,-16.217333333333336,3.191333333333339,19.024333333333328
1583480680265,-13.44,-41.26,-19.72,-17.117333333333335,0.9126666666666723,17.46366666666666
1583480680324,-16,-47.36,-7.26,-18.098666666666666,-2.041333333333328,15.846333333333328
1583480680388,-13.32,-10.8,-5.74,-19.076,-3.979999999999994,14.076333333333329
1583480680447,-12.83,11.66,0.79,-19.947666666666667,-3.9513333333333276,13.742666666666663
1583480680504,-17.53,-13.98,8.42,-20.959666666666667,-4.028666666666661,14.411999999999995
1583480680564,-9.35,-10.38,4.58,-21.855666666666668,-4.840666666666661,14.098666666666663
1583480680624,-15.88,16.17,0.06,-22.69666666666667,-4.6476666666666615,13.754666666666663
1583480680744,5.97,14.65,-5.37,-23.027,-3.620333333333328,14.114666666666663
1583480680804,6.21,-2.02,4.76,-22.621000000000002,-3.1993333333333283,14.761666666666663
1583480680864,3.53,3.29,6.35,-22.296333333333337,-3.1569999999999947,14.905999999999997
1583480680924,-0.32,8.6,3.72,-22.189333333333337,-2.7606666666666615,15.139666666666663
1583480680988,-4.53,3.78,7.99,-22.351000000000003,-2.347999999999995,15.692666666666664
1583480681044,-3.98,25.39,-6.96,-22.634666666666668,-1.3756666666666617,15.586666666666664
1583480681106,-1.35,14.89,-10.56,-22.812333333333335,-0.03299999999999503,16.080999999999996
1583480681164,-7.03,-4.76,4.94,-23.09166666666667,0.30466666666667164,16.741999999999997
1583480681291,-1.17,-6.23,11.9,-23.365000000000002,-0.06166666666666171,16.979999999999997
1583480681293,-4.77,-7.45,3.9,-23.563000000000002,-0.5176666666666616,16.90233333333333
1583480681407,1.09,-22.52,14.22,-23.68566666666667,-1.5166666666666617,17.127999999999997
1583480681465,-10.94,-16.66,13.85,-24.014000000000003,-2.8226666666666618,16.838999999999995
1583480681526,-4.59,25.69,-5.37,-24.53166666666667,-2.5216666666666616,16.104666666666663
1583480681587,0.11,16.11,-3.79,-24.681000000000004,-1.1283333333333283,16.834666666666664
1583480681644,-3,4.82,5.06,-24.77733333333334,-0.43066666666666165,17.54033333333333
1583480681704,-10.2,-1.59,8.42,-25.21733333333334,-0.32299999999999496,17.981666666666662
1583480681765,-4.22,2.93,0.79,-25.698000000000008,-0.27833333333332827,17.954999999999995
1583480681825,1.39,-0.12,-0.06,-25.792333333333342,-0.1846666666666616,18.05066666666666
1583480681888,-5.14,-6.47,2.5,-25.917333333333342,-0.4043333333333282,18.129999999999995
1583480681944,-2.51,2.5,-0.79,-26.17233333333334,-0.5366666666666615,17.887999999999995
1583480682064,-17.04,-4.15,10.62,-26.82400000000001,-0.5916666666666616,18.32533333333333
1583480682191,-29.74,-8.3,16.48,-28.383333333333344,-1.0066666666666615,18.73633333333333
1583480682193,-2.64,-1.95,0.18,-29.462666666666678,-1.3483333333333283,18.465666666666664
1583480682246,-1.84,-0.25,2.01,-29.612000000000013,-1.4216666666666615,18.467666666666663
1583480682307,-9.29,3.72,8.3,-29.98300000000001,-1.305999999999995,18.735999999999997
1583480682365,-20.21,5.74,22.7,-30.966333333333345,-0.9906666666666616,19.616666666666664
1583480682426,-1.66,-4.21,0.49,-31.695333333333345,-0.9396666666666615,19.824333333333332
1583480682490,3.9,1.52,-6.72,-31.62066666666668,-1.029333333333328,19.459999999999997
1583480682545,-1.72,2.93,-0.92,-31.548000000000012,-0.8809999999999948,19.479999999999997
1583480682608,-2.76,5.25,-1.95,-31.697333333333347,-0.6083333333333281,19.512666666666664
1583480682726,-2.82,-1.1,1.59,-31.883333333333347,-0.46999999999999476,19.740666666666666
1583480682790,-5.63,-8.3,8.97,-32.16500000000001,-0.7833333333333281,20.003
1583480682845,-12.77,-25.03,18.98,-32.77833333333335,-1.894333333333328,20.359
1583480682906,-0.8,-8.79,4.52,-33.230666666666686,-3.021666666666661,19.675333333333334
1583480682965,5.97,0.91,-3.97,-33.05833333333335,-3.2843333333333278,19.25
1583480683026,6.58,-19.78,3.97,-32.640000000000015,-3.913333333333328,19.412666666666667
1583480683090,46.86,-90.52,26.18,-30.858666666666682,-7.5899999999999945,19.626
1583480683204,-7.58,-59.14,28.01,-29.549333333333347,-12.57866666666666,17.542333333333335
1583480683204,-19.6,20.08,-5.49,-30.455333333333346,-13.88066666666666,15.388000000000002
1583480683265,-3.55,9.76,-8.91,-31.227000000000015,-12.885999999999992,15.760333333333335
1583480683326,0.78,-12.51,8.54,-31.319333333333347,-12.977666666666659,16.370333333333335
1583480683446,4.81,-17.03,11.78,-31.133000000000013,-13.962333333333326,16.346
1583480683507,10.55,3.36,3.48,-30.621000000000013,-14.417999999999994,15.894333333333334
1583480683626,13.97,6.29,-6.23,-29.80366666666668,-14.096333333333327,15.798666666666668
1583480683628,21.84,-43.03,-7.87,-28.610000000000014,-15.320999999999994,15.746
1583480683692,104.6,-124.94,-6.84,-24.395333333333348,-20.919999999999995,14.083666666666668
1583480683744,45.22,36.31,-101.56,-19.401333333333348,-23.87433333333333,6.533666666666668
1583480683807,155.02,243.65,-366.09,-12.72666666666668,-14.542333333333328,-4.458999999999997
1583480683865,264.58,282.77,-598.7,1.2599999999999856,3.0050000000000026,-16.294
1583480683926,164.78,436.95,-152.41,15.571999999999985,26.99566666666667,-11.948666666666668
1583480683987,-335.77,582.7,225.83,9.87233333333332,60.98400000000001,10.143999999999998
1583480684105,-654.67,571.47,530.33,-23.142333333333344,99.45633333333335,47.245000000000005
1583480684165,-153.33,416.93,724.06,-50.07566666666668,132.40300000000002,90.42933333333335
1583480684289,8.84,343.2,728.58,-54.89200000000001,157.7406666666667,128.613
1583480684345,288.14,201.17,698.97,-44.99266666666668,175.88633333333337,163.352
1583480684347,435.11,34.12,550.05,-20.884333333333345,183.72933333333336,188.39266666666666
1583480684407,231.37,75.56,446.41,1.3316666666666563,187.38533333333336,204.4103333333333
1583480684465,226.06,-16.36,427.79,16.579333333333324,189.3586666666667,221.18866666666665
1583480684525,381.58,-164.25,372.19,36.83399999999999,183.33833333333337,233.04966666666664
1583480684589,404.29,-239.63,378.42,63.02966666666666,169.8756666666667,240.18866666666665
1583480684705,410.08,-265.38,193.48,90.17533333333333,153.04200000000003,238.65033333333332
1583480684766,191.82,-386.05,18.55,110.23866666666666,131.3276666666667,230.42266666666666
1583480684826,-58.73,-292.05,105.59,114.675,108.72433333333335,221.07399999999998
1583480684890,-116.41,-93.75,93.57,108.837,95.86433333333335,214.45799999999997
1583480685008,-38.71,3.66,19.04,103.66633333333334,92.86133333333335,211.96766666666664
1583480685010,21.35,113.52,25.94,103.08766666666668,96.76733333333335,212.95433333333332
1583480685065,102.71,246.76,31.31,107.22300000000001,108.77666666666669,217.78199999999998
1583480685128,-118.97,371.76,-47.49,106.68100000000001,129.394,224.42433333333332
1583480685186,-356.21,414.18,-284,90.84166666666668,155.592,227.34966666666665
1583480685244,-407.24,291.08,-504.58,65.39333333333335,179.10066666666668,224.33633333333333
1583480685304,-422.44,165.34,-559.51,37.73733333333334,194.31466666666668,215.38866666666667
1583480685426,-492.26,20.57,-454.53,7.247333333333337,200.51166666666668,205.749
1583480685488,-289.81,-52.19,-446.53,-18.821666666666662,199.45766666666668,191.55033333333333
1583480685545,-3.86,-152.71,-514.59,-28.61066666666666,192.62766666666667,172.65766666666667
1583480685611,-122.33,-208.07,-604.74,-32.81699999999999,180.60166666666666,147.40933333333334
1583480685726,153.92,-286.81,-674.07,-40.105999999999995,149.75033333333332,88.93966666666665
1583480685725,-125.13,-215.33,-656.62,-41.06566666666666,166.48833333333332,118.58633333333333
1583480685784,168.87,-280.09,-509.77,-29.346333333333327,130.85366666666664,62.386999999999986
1583480685844,129.2,-280.64,-311.77,-19.41066666666666,112.16266666666664,42.658333333333324
1583480685905,40.27,-234.68,-172.79,-13.76166666666666,94.9853333333333,27.543999999999993
1583480685965,-99.44,-217.1,-102.78,-15.733999999999993,79.92599999999997,16.295333333333325
1583480686085,-88.27,-181.46,48.77,-21.990999999999993,66.64066666666665,10.684333333333324
1583480686145,108.63,-3.42,78.55,-21.312333333333324,60.47799999999998,7.253999999999991
1583480686204,-16.92,79.28,79.77,-18.255333333333326,63.006666666666646,9.79899999999999
1583480686275,203.66,119.75,157.9,-12.030666666666658,69.64099999999998,17.70499999999999
1583480686324,648,229.49,441.77,16.358000000000008,81.28233333333331,36.42233333333333
1583480686385,59.56,239.38,465.39,39.94333333333334,96.91133333333332,59.584999999999994
1583480686445,48.82,116.45,360.11,43.55600000000001,108.77233333333332,79.568
1583480686506,211.6,114.93,311.95,52.23666666666668,116.48499999999999,93.848
1583480686566,172.9,15.44,349.61,65.05333333333334,120.83066666666664,109.33266666666667
1583480686627,289.17,-82.03,457.7,80.45566666666667,118.61099999999998,125.104
1583480686693,331.47,86.97,436.4,101.14366666666668,118.77566666666664,136.91633333333334
1583480686806,-375.74,0.06,194.76,99.668,121.67666666666663,146.30733333333333
1583480686865,-365.31,-199.83,127.93,74.96633333333334,115.01766666666663,150.57366666666667
1583480686925,-343.09,-56.58,262.45,51.35300000000001,106.47066666666663,152.661
1583480686988,305.23,-300.17,386.47,50.09100000000001,94.57899999999997,163.65733333333333
1583480687044,310.29,-600.4,402.53,70.60833333333335,64.55999999999997,167.06933333333333
1583480687174,56.39,-505.07,359.01,82.83100000000002,27.71099999999997,159.023
1583480687178,22.51,-101.81,360.35,85.46100000000001,7.481666666666637,154.19899999999998
1583480687224,84.58,-173.1,245.91,89.03066666666668,-1.6820000000000288,159.00233333333333
1583480687284,267.57,-258.18,137.51,100.769,-16.05800000000003,157.816
1583480687344,127.19,-384.46,44.92,113.92766666666667,-37.47933333333336,150.70733333333334
1583480687472,176.69,-26.73,45.16,124.057,-51.18566666666669,139.39733333333334
1583480687526,123.1,371.52,-0.49,134.05,-39.692666666666696,138.49
1583480687588,190.11,35.15,104.49,144.49033333333335,-26.13700000000003,154.357
1583480687645,242.48,27.4,126.46,158.91000000000003,-24.052000000000028,159.744
1583480687708,127.61,-15.75,16.54,171.24633333333335,-23.663666666666696,161.20866666666666
1583480687824,-88.7,-46.2,-17.58,172.54333333333335,-25.728666666666697,160.09766666666667
1583480687824,-121.84,93.38,28.01,165.52533333333335,-24.15600000000003,159.49133333333333
1583480687885,-89.12,114.74,117.31,158.49333333333334,-17.2186666666667,166.51433333333333
1583480687945,-100.96,-47.3,173.77,152.15733333333333,-14.9706666666667,176.13133333333332
1583480688005,-134.53,-170.17,4.45,144.30766666666665,-22.219666666666697,174.70299999999997
1583480688065,-28.58,41.62,-116.76,138.87066666666664,-26.504666666666697,165.13866666666664
1583480688188,19.76,317.26,-63.66,138.57666666666663,-14.54200000000003,164.40399999999997
1583480688244,46.99,620.24,-321.66,140.80166666666662,16.70799999999997,164.2573333333333
1583480688305,-290.66,212.4,-374.76,132.6793333333333,44.462666666666635,172.43999999999997
1583480688365,-447.64,37.9,-354.98,108.06933333333329,52.80599999999997,167.6873333333333
1583480688425,-499.22,-4.76,-407.47,76.50733333333329,53.910666666666636,155.3683333333333
1583480688485,-351.02,56.88,-394.23,48.165999999999954,55.64799999999997,142.06866666666664
1583480688544,-203.32,114.81,-436.83,29.687999999999956,61.37099999999997,129.40366666666665
1583480688604,-17.22,50.47,-392.15,22.336666666666623,66.8803333333333,120.15899999999999
1583480688664,65.17,-196.9,-437.01,23.934999999999956,61.9993333333333,107.27433333333333
1583480688724,59.8,-308.23,-448.73,28.100666666666623,45.16166666666663,85.75333333333333
1583480688845,80.49,-239.75,-360.35,32.77699999999996,26.89566666666663,63.46733333333333
1583480688906,383.35,43.88,-185.67,48.238333333333294,20.36666666666663,49.28666666666666
1583480688971,321.52,443.48,-52.49,71.73399999999995,36.611999999999966,48.99966666666666
1583480689024,-76.79,34.3,17.21,79.89166666666662,52.53799999999997,64.356
1583480689089,-71.42,-121.34,-51.58,74.9513333333333,49.636666666666635,63.779999999999994
1583480689144,-88.08,-114.32,-61.22,69.63466666666663,41.7813333333333,57.69466666666666
1583480689207,-93.4,10.31,20.08,63.585333333333296,38.3143333333333,54.55333333333333
1583480689271,29.53,216,209.65,61.4563333333333,45.85799999999997,61.88533333333333
1583480689324,-76.67,260.07,381.71,59.88499999999996,61.72699999999997,81.809
1583480689387,-78.01,197.87,462.77,54.728999999999964,76.99166666666663,105.90366666666667
1583480689563,31.67,167.3,501.4,53.1843333333333,89.16399999999996,129.21266666666668
1583480689568,187.55,-6.72,528.62,60.49166666666663,94.51666666666662,152.41000000000003
1583480689625,169.91,-135.26,456.24,72.40699999999997,89.78399999999996,167.39400000000003
1583480689686,161.73,-200.38,475.46,83.46166666666663,78.59599999999996,178.73400000000004
1583480689744,228.44,-231.87,486.08,96.4673333333333,64.18766666666663,188.25733333333338
1583480689804,272.51,-239.26,383.6,113.16566666666664,48.4833333333333,193.31500000000005
1583480689867,266.83,-155.4,290.28,131.14366666666663,35.32799999999997,195.01566666666673
1583480689925,342.7,-129.64,83.98,151.4613333333333,25.826666666666636,192.63500000000008
1583480689986,231.5,-431.89,36.8,170.6013333333333,7.10899999999997,189.54033333333342
1583480690045,139.52,-380.19,-4.52,182.96866666666662,-19.96033333333336,174.99333333333342
1583480690168,-39.99,-301.39,45.59,186.2863333333333,-42.67966666666669,163.8400000000001
1583480690225,214.04,86.97,54.01,192.08799999999997,-49.82700000000003,155.59400000000008
1583480690285,119.25,43.58,292.66,203.19766666666663,-45.47533333333336,168.24833333333342
1583480690344,-6.66,13.61,105.53,206.95066666666662,-43.569000000000024,173.21866666666676
1583480690404,-22.66,-33.39,42.97,205.9733333333333,-44.22833333333336,175.10466666666676
1583480690464,-11.73,-50.84,74.03,204.82699999999997,-47.03600000000003,176.45933333333343
1583480690524,-65.93,7.93,54.01,202.23833333333332,-48.46633333333337,176.5650000000001
1583480690584,-127.27,347.72,76.6,195.79833333333332,-36.61133333333336,179.38266666666678
1583480690644,-70.08,5.92,-43.4,189.21999999999997,-24.82333333333336,189.52666666666678
1583480690704,70.42,-216.43,-115.48,189.2313333333333,-31.84033333333336,185.8746666666668
1583480690767,14.7,223.39,40.46,192.06866666666664,-31.60833333333336,180.00900000000013
1583480690884,-116.41,274.05,-131.72,188.6783333333333,-15.027000000000026,183.0646666666668
1583480690944,-334.12,206.72,-256.96,173.66066666666666,0.9986666666666402,183.63433333333347
1583480691004,-295.85,179.56,-355.96,152.66166666666666,13.87466666666664,178.6596666666668
1583480691066,-382.7,18.07,-421.69,130.04333333333332,20.462333333333305,170.5886666666668
1583480691124,-329.11,28.75,-513.98,106.31633333333332,22.02299999999997,154.05833333333345
1583480691184,-261.85,34.42,-581.24,86.61766666666665,24.12866666666664,135.6420000000001
1583480691244,-113.41,119.14,-587.1,74.10899999999998,29.247333333333305,117.21933333333344
1583480691304,-126.42,-2.2,-614.32,66.11466666666665,33.145333333333305,100.71333333333344
1583480691366,-24.61,-137.76,-517.76,61.080333333333314,28.479999999999972,83.38133333333343
1583480691424,-11.91,-266.66,-381.17,59.86299999999998,14.999333333333306,66.08366666666676
1583480691544,94.59,-356.45,-321.9,62.61899999999998,-5.771000000000027,46.46500000000009
1583480691604,142.57,-354.19,-298.83,70.52433333333332,-29.459000000000024,24.622333333333422
1583480691666,42.29,79.04,-80.81,76.68633333333332,-38.63066666666669,10.122333333333422
1583480691724,-48.23,282.29,94.3,76.48833333333333,-26.586333333333357,15.900333333333423
1583480691785,87.76,-86.24,-47.91,77.806,-20.051333333333357,23.71300000000009
1583480691843,84.22,-162.66,-39.43,83.53866666666667,-28.34800000000002,19.52400000000009
1583480691967,-46.83,-101.81,66.16,84.78500000000001,-37.163666666666686,16.307333333333425
1583480692024,6.58,321.53,237.24,83.44333333333334,-29.839666666666687,20.821666666666758
1583480692024,19.95,460.45,373.78,84.32766666666667,-3.7736666666666885,43.99866666666676
1583480692084,-20.7,341.25,560.97,84.30266666666667,22.949666666666644,78.04600000000009
1583480692205,-79.3,319.82,650.21,80.96933333333334,44.98533333333331,111.09466666666677
1583480692266,-105.05,174.56,686.58,74.82433333333334,61.464666666666645,144.64133333333342
1583480692387,-53.84,55.36,608.28,69.528,69.12866666666665,170.73600000000008
1583480692391,287.34,-1.1,562.44,77.31133333333334,70.93733333333331,191.3293333333334
1583480692446,751.21,-134.71,545.04,111.92966666666666,66.41033333333331,209.46066666666673
1583480692505,1061.7,-92.59,494.26,172.36,58.833666666666645,221.4456666666667
1583480692625,387.81,-269.72,123.53,220.67700000000002,46.756666666666646,222.47700000000003
1583480692625,-0.5,-451.05,-121.22,233.58733333333336,22.73099999999998,209.4456666666667
1583480692685,-163.1,-383.97,-143.86,228.13400000000001,-5.103000000000019,189.61533333333338
1583480692744,244.92,-23.26,22.95,230.86133333333333,-18.67733333333335,177.5813333333334
1583480692868,240.1,105.65,74.77,247.02866666666665,-15.931000000000019,179.2983333333334
1583480692925,17.14,13.55,27.83,255.60333333333332,-11.957666666666686,183.74766666666673
1583480692984,16.59,-28.63,20.02,256.72766666666666,-12.460333333333352,184.86666666666673
1583480693044,-5.5,-59.14,40.16,257.0973333333333,-15.386000000000019,185.25100000000006
1583480693104,-11.36,-146.79,113.22,256.5353333333333,-22.25033333333335,187.05366666666671
1583480693167,-23.27,-174.62,65.43,255.38099999999997,-32.96400000000001,184.34166666666673
1583480693224,-108.9,67.63,30.7,250.9753333333333,-36.530333333333346,179.54433333333338
1583480693284,-333.57,221.62,-296.63,236.22633333333332,-26.88866666666668,171.91100000000006
1583480693344,-437.27,234.25,-228.94,210.53166666666664,-11.693000000000014,171.66700000000006
1583480693404,-149.12,513.67,-185.18,190.9853333333333,13.23766666666665,173.30266666666674
1583480693467,-290.42,172.79,-348.94,176.33399999999997,36.119666666666646,178.79366666666672
1583480693584,-365.73,-38.51,-459.23,154.4623333333333,40.595666666666645,169.24566666666672
1583480693644,-432.93,-134.77,-646.73,127.8403333333333,34.81966666666665,146.4043333333334
1583480693704,-334,-151.98,-702.21,102.27599999999997,25.261333333333315,118.50500000000007
1583480693766,-0.74,-181.34,-638.31,91.11799999999997,14.150666666666648,92.16200000000006
1583480693824,193.9,-221.8,-604.43,97.55666666666663,0.7126666666666495,65.96966666666673
1583480693884,53.33,-274.17,-515.99,105.79766666666663,-15.819666666666684,41.37666666666672
1583480693944,106.86,-224.43,-398.68,111.13733333333329,-32.43966666666668,18.948333333333387
1583480694004,112.9,-240.72,-272.46,118.46266666666662,-47.94466666666668,2.3853333333333886
1583480694066,72.99,-155.76,-155.89,124.65899999999995,-61.16066666666668,-10.834999999999946
1583480694124,61.08,110.96,23.62,129.12799999999996,-62.65400000000001,-15.239666666666611
1583480694245,-94.37,2.99,26.67,128.0183333333333,-58.85566666666668,-10.651999999999944
1583480694304,-36.75,-90.33,-33.08,123.64766666666662,-61.76700000000001,-11.654999999999944
1583480694365,58.52,-56.46,-38.88,124.37333333333329,-66.66000000000001,-15.961999999999945
1583480694424,86.54,166.14,123.29,129.20866666666663,-63.00400000000001,-13.734333333333279
1583480694484,-6.24,391.48,393.25,131.8853333333333,-44.41666666666668,4.912000000000052
1583480694604,-21.37,365.97,586.36,130.96499999999997,-19.168333333333344,37.50666666666672
1583480694605,-4.83,312.62,691.47,130.09166666666664,3.4513333333333236,72.75466666666672
1583480694724,29.35,127.38,655.03,130.90899999999996,18.117999999999988,105.00966666666672
1583480694783,123.95,-34.97,624.82,136.01899999999998,21.19833333333332,130.08300000000006
1583480694784,203.42,-89.72,683.53,146.9313333333333,17.041999999999987,151.7016666666667
1583480694905,236.87,-88.69,633.36,161.60766666666663,11.094999999999988,169.82300000000004
1583480694969,124.93,-227.3,601.32,173.66766666666663,0.5619999999999887,186.9106666666667
1583480695025,162.34,-267.88,358.58,183.2433333333333,-15.944000000000011,191.28666666666672
1583480695084,298.57,-339.48,232.6,198.60699999999997,-36.189333333333344,190.11066666666673
1583480695143,324.09,-482.61,179.26,219.3623333333333,-63.59233333333334,184.77000000000007
1583480695204,227.28,8.73,86.24,237.7413333333333,-79.38833333333335,171.55766666666673
1583480695267,-46.52,289.18,-71.47,243.76666666666662,-69.45800000000001,169.4663333333334
1583480695325,-47.98,-199.65,35.7,240.61666666666662,-66.47366666666667,180.29566666666673
1583480695386,-201.55,-169.92,16.72,232.29899999999995,-78.79266666666668,174.19800000000006
1583480695446,-212.84,-9.83,-15.32,218.48599999999996,-84.78433333333334,168.0233333333334
1583480695626,-251.05,93.99,31.61,203.02299999999997,-81.979,168.7493333333334
1583480695627,-123.91,46.57,-69.34,190.5243333333333,-77.29366666666667,169.57100000000005
1583480695686,89.47,-27.96,-70.92,189.3763333333333,-76.67333333333333,168.7593333333334
1583480695744,-108.84,158.57,-36.32,188.73066666666662,-72.31966666666666,166.61666666666673
1583480695807,-13.19,163.08,51.09,184.66299999999995,-61.598,173.6053333333334
1583480695870,-18.44,73.91,72.94,183.6086666666666,-53.69833333333333,181.47266666666673
1583480695926,363.88,81.85,64.21,195.12333333333328,-48.50633333333333,186.07666666666674
1583480696047,-273.81,344.73,-388.61,198.1256666666666,-34.28699999999999,175.8513333333334
1583480696054,-66.17,60,-774.9,186.79299999999995,-20.795999999999992,161.5123333333334
1583480696105,-232.25,-104.68,-766.24,176.8456666666666,-22.285333333333327,137.97100000000006
1583480696167,-107.74,-44.07,-801.58,165.5126666666666,-27.24366666666666,107.7623333333334
1583480696284,-181.41,-68.42,-685.12,155.87433333333328,-30.993333333333325,83.45600000000007
1583480696346,-92.17,-255.8,-664,146.75499999999994,-41.80066666666666,59.04200000000007
1583480696405,219.23,-490.36,-612.06,150.99033333333327,-66.67266666666666,30.11333333333341
1583480696469,237.54,-536.62,-367.07,166.21599999999992,-100.90533333333332,1.5323333333334084
1583480696527,-59.76,-75.07,-118.41,172.1419999999999,-121.29499999999999,-20.301999999999925
1583480696586,-47.92,230.71,11.11,168.55266666666657,-116.10699999999999,-22.433999999999926
1583480696653,13.36,277.59,7.75,167.40066666666658,-99.16366666666666,-14.485333333333259
1583480696771,81.71,-114.2,57.43,170.5696666666666,-93.71733333333333,-3.317999999999927
1583480696773,61.21,-54.87,54.63,175.3336666666666,-99.353,-5.303666666666594
1583480696824,91.18,327.88,107.48,180.41333333333327,-90.25266666666666,-3.549999999999927
1583480696946,2.25,456.11,263.06,183.5276666666666,-64.11966666666666,16.148000000000074
1583480697006,-68.8,584.65,428.28,181.30933333333326,-29.42766666666666,45.62766666666674
1583480697068,-69.9,394.59,586.24,176.68599999999992,3.2136666666666756,84.65733333333341
1583480697125,-88.15,176.21,669.86,171.41766666666658,22.24033333333334,120.13900000000008
1583480697254,4.02,4.64,542.66,168.61333333333323,28.26866666666667,144.1013333333334
1583480697257,158.56,-82.4,483.46,174.03266666666656,25.676666666666673,160.3713333333334
1583480697304,344.78,-85.21,469.42,190.81066666666655,20.089666666666673,173.27200000000008
1583480697368,366.5,-178.59,411.13,214.51999999999987,11.29633333333334,184.13600000000008
1583480697426,313.04,-254.46,326.9,237.1713333333332,-3.1386666666666603,189.07966666666675
1583480697486,177.54,-261.66,140.87,253.52399999999986,-20.34266666666666,185.2933333333334
1583480697669,39.36,-67.75,50.47,260.75399999999985,-31.322999999999993,178.25366666666673
1583480697671,97.4,121.95,41.56,265.31266666666653,-29.51633333333333,177.38066666666674
1583480697738,95.2,104.61,122.01,271.73266666666655,-21.96433333333333,185.51266666666675
1583480697785,127.13,104.61,79.65,279.14366666666655,-14.990333333333329,191.65466666666674
1583480697844,22.82,86.06,75.01,284.1419999999999,-8.63466666666666,197.64200000000008
1583480697905,-170.18,78.06,96.43,279.2299999999999,-3.1639999999999944,203.72500000000008
1583480697969,-96.45,20.81,75.38,270.3423333333332,0.1316666666666726,208.83966666666674
1583480698025,166.49,-21.55,57.55,272.6769999999999,0.10700000000000587,211.45166666666674
1583480698086,230.21,191.47,53.4,285.90033333333326,5.771000000000005,212.5133333333334
1583480698152,9.02,614.13,-56.7,293.8746666666666,32.62433333333334,217.00566666666674
1583480698267,-418.83,349.42,-187.99,280.2143333333333,64.74266666666668,231.2103333333334
1583480698326,-767.83,-34.73,-376.04,240.65899999999993,75.23233333333334,230.32300000000006
1583480698383,-692.33,-208.44,-322.82,191.98699999999994,67.12666666666668,218.40466666666674
1583480698444,-443.49,-271,-479.74,154.12633333333326,51.14533333333335,195.4653333333334
1583480698504,-198.74,-252.99,-663.88,132.7186666666666,33.679000000000016,164.30266666666674
1583480698565,-14.9,-243.17,-791.99,125.59733333333325,17.140333333333352,129.47000000000008
1583480698625,-29.55,-380.49,-791.81,124.11566666666658,-3.648333333333312,94.97066666666674
1583480698687,-44.57,-368.41,-676.88,121.64499999999991,-28.611666666666647,59.72500000000008
1583480698751,45.09,-477.54,-507.14,121.66233333333325,-56.80999999999998,30.54000000000008
1583480698804,-16.98,-175.66,-46.39,122.59933333333325,-78.58333333333331,13.075666666666745
1583480698864,-91.87,83.13,171.51,118.97099999999992,-81.66766666666665,12.937333333333411
1583480698985,-4.71,98.63,439.33,115.75166666666658,-75.60899999999998,30.352666666666742
1583480699049,-16.37,100.83,429.2,115.04899999999991,-68.96033333333331,47.947000000000074
1583480699105,181.57,190.06,289.49,120.55566666666657,-59.263999999999974,60.95766666666674
1583480699225,85.99,9.46,-1.95,129.47433333333322,-52.61333333333331,67.22800000000007
1583480699225,87.76,-47.3,-265.99,135.26599999999988,-53.87466666666664,58.67700000000006
1583480699285,42.9,-25.21,-142.34,139.6213333333332,-56.29166666666664,52.35566666666673
1583480699344,273.18,-35.83,30.94,150.1573333333332,-58.32633333333331,52.54666666666673
1583480699467,114.8,132.08,72.57,163.0899999999999,-55.117999999999974,53.771333333333395
1583480699469,68.84,147.4,123.9,169.21133333333322,-45.80199999999997,62.30400000000006
1583480699525,-81.25,255.31,229.37,168.79766666666654,-32.3783333333333,74.86300000000006
1583480699653,-0.87,317.69,348.63,166.0603333333332,-13.2783333333333,94.99433333333339
1583480699704,55.04,224.06,474.85,167.86599999999987,4.780000000000033,121.41233333333338
1583480699764,159.6,91,603.15,175.02066666666653,15.282000000000034,148.98600000000005
1583480699824,217.46,-30.58,686.09,187.5893333333332,17.296000000000035,174.88900000000004
1583480699884,227.1,-143.01,631.22,202.40799999999987,11.509666666666703,194.91033333333337
1583480699944,363.21,-241.21,410.58,222.08499999999987,-1.2976666666666308,203.82933333333338
1583480700017,267.44,-279.42,-6.17,243.10666666666654,-18.651999999999965,195.58333333333337
1583480700065,19.34,-252.02,-257.63,252.66599999999988,-36.36666666666663,177.6816666666667
1583480700124,-36.57,-205.93,-249.45,252.09166666666655,-51.63166666666663,160.96600000000004
1583480700184,19.83,-125.25,-156.37,251.53366666666656,-62.670999999999964,148.88933333333338
1583480700305,25.62,-37.84,-85.21,253.04866666666655,-68.1073333333333,141.87400000000005
1583480700364,63.34,-23.56,-84.11,256.0139999999999,-70.15399999999997,137.80900000000005
1583480700424,60.9,-53.04,-26.37,260.1553333333332,-72.7073333333333,136.14466666666672
1583480700484,70.97,-14.47,5.8,264.5509999999999,-74.95766666666663,134.57000000000005
1583480700547,76.95,22.95,3.17,269.48166666666657,-74.67499999999995,134.19333333333338
1583480700605,-17.04,34.24,39.37,271.4786666666666,-72.76866666666662,136.27066666666673
1583480700725,-8.62,35.7,64.45,270.6233333333333,-70.43733333333329,139.5603333333334
1583480700726,-51.71,81.42,108.28,268.61233333333325,-66.53333333333329,144.35966666666673
1583480700787,-171.64,195.37,109.92,261.16733333333326,-57.30699999999995,150.7376666666667
1583480700846,-227.92,304.38,39.61,247.8486666666666,-40.64866666666662,158.57033333333337
1583480700904,-246.9,357.18,-52.61,232.02133333333325,-18.59666666666662,166.9626666666667
1583480701152,-215.16,246.15,-215.82,216.61933333333326,1.5143333333333793,171.6746666666667
1583480701154,-321,119.81,-383.73,198.74733333333324,13.713000000000047,167.08866666666668
1583480701155,-321.36,-21.18,-562.44,177.33533333333324,17.000666666666714,152.33433333333335
1583480701206,-160.96,-92.23,-638.8,161.2579999999999,13.22033333333338,130.335
1583480701267,9.57,-76.05,-586.55,156.21166666666656,7.611000000000047,107.709
1583480701325,-8.98,-107.55,-452.45,156.23133333333323,1.4910000000000467,90.09233333333333
1583480701386,65.78,-131.78,-326.17,158.12466666666657,-6.486666666666619,75.63499999999999
1583480701451,109.85,-53.65,-291.99,163.9789999999999,-12.66766666666662,61.50933333333332
1583480701507,-20.27,17.33,-142.7,166.9649999999999,-13.878333333333286,54.96433333333332
1583480701567,-147.23,93.32,-8.18,161.38166666666655,-10.189999999999953,55.26933333333332
1583480701684,-99.13,40.53,58.17,153.16966666666656,-5.728333333333287,60.31899999999999
1583480701746,-85.16,-51.94,113.1,147.02666666666656,-6.10866666666662,65.43999999999998
1583480701804,-10.88,55.66,87.1,143.82533333333322,-5.98466666666662,66.61199999999998
1583480701867,-15.09,73.36,120.85,142.95966666666655,-1.683999999999954,72.49566666666665
1583480701925,-8.13,118.41,176.88,142.18566666666655,4.708333333333378,80.83699999999999
1583480701984,-26.99,123.05,293.52,141.01499999999987,12.757000000000044,94.56799999999998
1583480702047,21.17,191.95,389.52,140.82099999999988,23.257000000000044,111.65366666666665
1583480702104,1.51,206.11,466.37,141.57699999999988,36.52566666666671,133.59766666666664
1583480702164,142.2,237.85,514.34,146.36733333333322,51.32433333333338,157.61266666666666
1583480702224,403.06,235.9,470.03,164.54266666666655,67.11600000000004,181.20866666666666
1583480702348,449.57,46.75,354.25,192.96366666666654,76.53766666666671,200.88033333333334
1583480702404,468.19,-141.36,366.88,223.55566666666653,73.38400000000004,214.668
1583480702467,441.4,-225.34,285.95,253.87533333333317,61.16066666666671,219.48766666666668
1583480702526,464.28,-169.43,47.61,284.0646666666665,48.00166666666671,213.56333333333336
1583480702652,150.44,-138.73,-12.09,304.5553333333331,37.72966666666671,207.5126666666667
1583480702654,-51.22,-249.82,24.72,307.8626666666665,24.778000000000045,203.71233333333336
1583480702704,8.72,-432.68,44,306.4459999999998,2.028000000000045,196.8516666666667
1583480702765,119.37,-156.25,28.93,310.7156666666665,-17.602999999999955,183.39333333333335
1583480702885,102.04,-40.47,47.3,318.09599999999983,-24.160333333333288,179.76166666666668
1583480702886,31.73,31.68,34,322.55499999999984,-24.453333333333287,179.54600000000002
1583480703004,59.31,27.34,-16.6,325.5896666666665,-22.485999999999954,180.0486666666667
1583480703064,14.21,42.97,-17.64,328.0403333333332,-20.142333333333287,180.372
1583480703184,-51.16,-5.31,-21.55,326.8086666666665,-18.886999999999954,181.086
1583480703185,-141.49,74.22,-78.55,320.38699999999983,-16.589999999999954,178.29066666666668
1583480703246,-183.3,178.16,-185.91,309.5606666666665,-8.177333333333287,174.56766666666667
1583480703304,-240.31,183.78,-259.28,295.4403333333332,3.8873333333333786,171.86366666666666
1583480703424,-278.64,168.88,-292.73,278.1419999999998,15.642666666666711,168.232
1583480703424,-251.11,125.55,-294.92,260.4836666666665,25.457000000000043,164.03066666666666
1583480703484,-153.15,97.65,-349.24,247.00833333333318,32.89700000000004,156.57433333333333
1583480703545,-109.94,58.9,-398.68,238.23866666666652,38.115333333333375,146.54
1583480703664,-92.24,117.13,-402.16,231.4993333333332,43.98300000000004,135.09799999999998
1583480703724,-38.52,193.79,-389.77,227.14066666666653,54.34700000000004,126.00999999999999
1583480703845,-102.55,155.7,-377.99,222.4383333333332,65.9966666666667,119.86999999999999
1583480703846,-65.99,14.77,-360.66,216.8203333333332,71.67900000000003,113.03799999999998
1583480703904,-15.03,-139.65,-259.52,214.11966666666652,67.51633333333336,104.87966666666665
1583480703964,-35.66,-192.26,-66.47,212.42999999999986,56.4526666666667,98.00899999999999
1583480704024,-31.38,-80.08,-33.81,210.1953333333332,47.3746666666667,90.47333333333331
1583480704084,-57.93,18,-30.4,207.2183333333332,45.305333333333365,86.79066666666665
1583480704145,-100.84,34.97,-46.2,201.92599999999985,47.07100000000003,85.85066666666665
1583480704204,-50.61,73.79,-14.04,196.8776666666665,50.696333333333364,86.54833333333332
1583480704324,-1.05,86,7.51,195.1556666666665,56.022666666666694,89.25833333333331
1583480704384,-22.96,67.2,59.57,194.35533333333316,61.12933333333336,94.11066666666665
1583480704504,27.33,164.73,170.29,194.50099999999983,68.86033333333336,102.02699999999997
1583480704624,-1.23,226.32,331.42,195.37099999999984,81.89533333333335,118.56533333333331
1583480704624,19.4,263.55,471.68,195.97666666666652,98.22433333333336,141.832
1583480704625,99.11,232.73,524.35,199.92699999999985,114.76700000000002,168.09533333333331
1583480704684,189.56,190.73,507.57,209.54933333333318,128.88233333333335,192.772
1583480704745,393.24,94.18,336.18,228.97599999999986,138.37933333333334,210.33566666666667
1583480704804,582.75,-22.65,200.99,261.50899999999984,140.76366666666667,220.17466666666667
1583480704864,600.21,-321.72,126.59,300.94099999999986,129.28466666666668,223.63933333333333
1583480704924,548.39,-684.27,-9.1,339.22766666666655,95.75166666666668,212.612
1583480705046,338.86,-647.28,-10.87,368.80266666666654,51.36666666666668,189.44066666666666
1583480705104,40.52,-445.5,81.48,381.44866666666655,14.94066666666668,170.58066666666667
1583480705166,92.58,-235.84,115.78,385.8853333333332,-7.770666666666656,159.59
1583480705233,73.54,78.43,59.45,391.42266666666654,-13.017666666666656,153.71033333333332
1583480705284,-123.12,273.5,53.77,389.76999999999987,-1.2866666666666564,158.117
1583480705350,-99.44,203.49,13.24,382.3513333333332,14.61300000000001,167.67499999999998
1583480705404,-178.84,103.21,-10.13,373.07533333333316,24.836333333333343,174.12033333333332
1583480705470,-176.16,176.51,-45.9,361.24199999999985,34.16033333333334,176.03066666666666
1583480705524,-131.05,245.91,-179.2,351.0016666666665,48.24100000000001,175.941
1583480705586,-228.47,205.5,-215.58,339.0176666666665,63.288000000000004,176.952
1583480705704,-213.02,75.74,-274.29,324.30133333333316,72.66266666666667,174.659
1583480705764,-139.9,-1.16,-211.85,312.53733333333315,75.14866666666667,170.12199999999999
1583480705825,-175.61,87.71,-127.32,302.02033333333316,78.03366666666668,165.83933333333331
1583480705884,-75.94,258.42,-156.31,293.63533333333316,89.57133333333334,163.55266666666665
1583480705950,-104.87,192.32,-289.74,287.6083333333332,104.596,162.50866666666664
1583480706004,-263.32,35.28,-343.63,275.33533333333315,112.18266666666668,157.46499999999997
1583480706065,-219.62,37.84,-429.57,259.23733333333314,114.62,144.32199999999997
1583480706125,-342.54,3.54,-425.17,240.49866666666648,115.99933333333334,131.41099999999997
1583480706185,-27.9,-72.51,-407.66,228.1506666666665,113.70033333333333,117.94033333333331
1583480706247,25.93,-113.4,-395.63,228.08499999999984,107.50333333333333,102.33566666666664
1583480706304,-63.12,-60.55,-273.68,226.84533333333317,101.705,89.43299999999996
1583480706503,-2.15,-70.74,-150.88,224.6696666666665,97.32866666666666,82.38533333333329
1583480706506,-32.42,-27.53,-66.59,223.51733333333317,94.053,77.80766666666662
1583480706548,-18.38,59.57,-25.27,221.82399999999984,95.121,76.04766666666661
1583480706605,-42.74,101.74,-7.14,219.78666666666652,100.49799999999999,77.79533333333328
1583480706666,-92.72,102.11,83.19,215.2713333333332,107.29299999999999,83.9596666666666
1583480706733,-48.9,103.21,255.74,210.55066666666653,114.13699999999999,95.88799999999995
1583480706786,52.36,136.47,366.88,210.66599999999985,122.12633333333332,111.55766666666662
1583480706850,75.67,122.19,400.76,214.9336666666665,130.7483333333333,129.4653333333333
1583480706904,17.81,79.34,442.44,218.04966666666652,137.46599999999998,148.2863333333333
1583480707033,86.23,76.17,466.92,221.5176666666665,142.64966666666663,166.49499999999995
1583480707085,268.06,40.59,441.1,233.32733333333317,146.54166666666663,183.73733333333328
1583480707149,370.23,-51.76,420.1,254.6036666666665,146.1693333333333,199.09366666666662
1583480707206,493.89,-40.35,377.81,283.4076666666665,143.09899999999996,209.96199999999996
1583480707267,446.46,9.15,275.57,314.75266666666647,142.05899999999997,217.80266666666662
1583480707385,247.43,-91.92,177.31,337.8823333333331,139.29999999999998,224.01799999999997
1583480707387,310.23,59.45,89.48,356.4709999999998,138.21766666666664,223.93666666666664
1583480707448,184.8,-89.05,16.84,372.97199999999975,137.23099999999997,226.47966666666665
1583480707505,77.63,-240.17,12.27,381.7196666666664,126.25699999999996,223.9203333333333
1583480707564,104.11,-337.53,-82.28,387.7776666666664,107.0003333333333,213.17199999999997
1583480707624,65.72,-337.04,-102.42,393.4386666666664,84.51466666666664,198.50699999999998
1583480707748,54.68,-49.75,-60.67,397.4519999999997,71.62166666666664,185.24999999999997
1583480707806,13.72,-63.29,-75.32,399.7319999999997,67.85366666666664,181.08099999999996
1583480707866,203.05,-279.79,17.88,406.95766666666634,56.41766666666664,179.5673333333333
1583480707983,263.17,458.86,418.39,422.498333333333,62.38666666666664,184.1873333333333
1583480707985,-285.47,711,305.05,421.75499999999965,101.38199999999998,209.65099999999995
1583480708049,-291.09,74.64,239.32,402.536333333333,127.56999999999998,241.3283333333333
1583480708105,-239.02,-81.54,-25.64,384.86599999999964,127.33999999999997,242.96166666666662
1583480708164,-209.06,-335.15,-138.25,369.92999999999967,113.4503333333333,235.63533333333328
1583480708224,-419.69,-383.61,-406.25,348.97166666666635,89.49166666666665,210.92199999999994
1583480708283,-375.01,-115.91,-528.14,322.48166666666634,72.84099999999998,180.53033333333326
